A Helpful Rayquaza,&
Woyaojinkela✪,@
Shadow☆Cune,~
DarkAngeallenq.q,@
AceOfGames,@
Silvernyan321♪,~
IceRaven23,%
Master Bui,%
Mrlegal,@
Ransei,&
A Helpful Bot,@
PrettyBoyFlacko,%
Sir Visor,+
purpledragon24,@
ggdaca,&
Riniti,~
Quartz Snow,~
Connni,~
DJFoxy8981,@
shivam☆rustagi,%
Espeon's Trainer,+
MMM ☾,@
conor3197,@
Mattster321,+
VAQ,%
Hirl123,%
EXAMPLE000☆.☆(◕ヮ◕),+
CS2016,&
Zeep,%
Champ1604,%
TerminalHydreigon,&
Vulcaron,+
Richard Adams - ⓒⓓ,+
Fairy Yui,+
Chirou,&
Brady1014,+
ShadowGuard 2.0,@
